<application>
  <component name="ProjectJdkTable">
    <jdk version="2">
      <name value="Python 3.7 (untitled)" />
      <type value="Python SDK" />
      <version value="Python 3.7.2" />
      <homePath value="C:\Users\Roshan\PycharmProjects\untitled\venv\Scripts\python.exe" />
      <roots>
        <classPath>
          <root type="composite">
            <root url="file://$USER_HOME$/AppData/Local/Programs/Python/Python37-32/DLLs" type="simple" />
            <root url="file://$USER_HOME$/AppData/Local/Programs/Python/Python37-32/Lib" type="simple" />
            <root url="file://$USER_HOME$/AppData/Local/Programs/Python/Python37-32" type="simple" />
            <root url="file://$USER_HOME$/PycharmProjects/untitled/venv" type="simple" />
            <root url="file://$USER_HOME$/PycharmProjects/untitled/venv/Lib/site-packages" type="simple" />
            <root url="jar://$USER_HOME$/PycharmProjects/untitled/venv/Lib/site-packages/setuptools-39.1.0-py3.7.egg!/" type="simple" />
            <root url="file://$USER_HOME$/PycharmProjects/untitled/venv/Lib/site-packages/pip-10.0.1-py3.7.egg" type="simple" />
            <root url="file://$USER_HOME$/PycharmProjects/untitled/venv/Lib/site-packages/win32" type="simple" />
            <root url="file://$USER_HOME$/PycharmProjects/untitled/venv/Lib/site-packages/win32/lib" type="simple" />
            <root url="file://$USER_HOME$/PycharmProjects/untitled/venv/Lib/site-packages/pythonwin" type="simple" />
            <root url="file://$USER_HOME$/.PyCharmCE2018.3/system/python_stubs/-1642576371" type="simple" />
            <root url="file://$APPLICATION_HOME_DIR$/helpers/python-skeletons" type="simple" />
            <root url="file://$APPLICATION_HOME_DIR$/helpers/typeshed/stdlib/3" type="simple" />
            <root url="file://$APPLICATION_HOME_DIR$/helpers/typeshed/stdlib/2and3" type="simple" />
            <root url="file://$APPLICATION_HOME_DIR$/helpers/typeshed/third_party/3" type="simple" />
            <root url="file://$APPLICATION_HOME_DIR$/helpers/typeshed/third_party/2and3" type="simple" />
          </root>
        </classPath>
        <sourcePath>
          <root type="composite" />
        </sourcePath>
      </roots>
      <additional ASSOCIATED_PROJECT_PATH="$USER_HOME$/PycharmProjects/untitled" />
    </jdk>
    <jdk version="2">
      <name value="Python 3.7 (virtual assistant)" />
      <type value="Python SDK" />
      <version value="Python 3.7.2" />
      <homePath value="C:\Users\Roshan\PycharmProjects\virtual assistant\venv\Scripts\python.exe" />
      <roots>
        <classPath>
          <root type="composite">
            <root url="file://$USER_HOME$/AppData/Local/Programs/Python/Python37-32/DLLs" type="simple" />
            <root url="file://$USER_HOME$/AppData/Local/Programs/Python/Python37-32/Lib" type="simple" />
            <root url="file://$USER_HOME$/AppData/Local/Programs/Python/Python37-32" type="simple" />
            <root url="file://$USER_HOME$/PycharmProjects/virtual assistant/venv" type="simple" />
            <root url="file://$USER_HOME$/PycharmProjects/virtual assistant/venv/Lib/site-packages" type="simple" />
            <root url="jar://$USER_HOME$/PycharmProjects/virtual assistant/venv/Lib/site-packages/setuptools-39.1.0-py3.7.egg!/" type="simple" />
            <root url="file://$USER_HOME$/PycharmProjects/virtual assistant/venv/Lib/site-packages/pip-10.0.1-py3.7.egg" type="simple" />
            <root url="file://$USER_HOME$/PycharmProjects/virtual assistant/venv/Lib/site-packages/win32" type="simple" />
            <root url="file://$USER_HOME$/PycharmProjects/virtual assistant/venv/Lib/site-packages/win32/lib" type="simple" />
            <root url="file://$USER_HOME$/PycharmProjects/virtual assistant/venv/Lib/site-packages/pythonwin" type="simple" />
            <root url="file://$USER_HOME$/.PyCharmCE2018.3/system/python_stubs/-1376214655" type="simple" />
            <root url="file://$APPLICATION_HOME_DIR$/helpers/python-skeletons" type="simple" />
            <root url="file://$APPLICATION_HOME_DIR$/helpers/typeshed/stdlib/3" type="simple" />
            <root url="file://$APPLICATION_HOME_DIR$/helpers/typeshed/stdlib/2and3" type="simple" />
            <root url="file://$APPLICATION_HOME_DIR$/helpers/typeshed/third_party/3" type="simple" />
            <root url="file://$APPLICATION_HOME_DIR$/helpers/typeshed/third_party/2and3" type="simple" />
          </root>
        </classPath>
        <sourcePath>
          <root type="composite" />
        </sourcePath>
      </roots>
      <additional ASSOCIATED_PROJECT_PATH="$USER_HOME$/PycharmProjects/virtual assistant" />
    </jdk>
    <jdk version="2">
      <name value="Python 3.7" />
      <type value="Python SDK" />
      <version value="Python 3.7.2" />
      <homePath value="C:\Users\Roshan\AppData\Local\Programs\Python\Python37-32\python.exe" />
      <roots>
        <classPath>
          <root type="composite">
            <root url="file://$USER_HOME$/AppData/Local/Programs/Python/Python37-32/DLLs" type="simple" />
            <root url="file://$USER_HOME$/AppData/Local/Programs/Python/Python37-32/Lib" type="simple" />
            <root url="file://$USER_HOME$/AppData/Local/Programs/Python/Python37-32" type="simple" />
            <root url="file://$USER_HOME$/AppData/Roaming/Python/Python37/site-packages" type="simple" />
            <root url="file://$USER_HOME$/AppData/Roaming/Python/Python37/site-packages/win32" type="simple" />
            <root url="file://$USER_HOME$/AppData/Roaming/Python/Python37/site-packages/win32/lib" type="simple" />
            <root url="file://$USER_HOME$/AppData/Roaming/Python/Python37/site-packages/pythonwin" type="simple" />
            <root url="file://$USER_HOME$/AppData/Local/Programs/Python/Python37-32/Lib/site-packages" type="simple" />
            <root url="file://$USER_HOME$/AppData/Local/Programs/Python/Python37-32/Lib/site-packages/win32" type="simple" />
            <root url="file://$USER_HOME$/AppData/Local/Programs/Python/Python37-32/Lib/site-packages/pythonwin" type="simple" />
            <root url="file://$USER_HOME$/.PyCharmCE2018.3/system/python_stubs/372577551" type="simple" />
            <root url="file://$APPLICATION_HOME_DIR$/helpers/python-skeletons" type="simple" />
            <root url="file://$APPLICATION_HOME_DIR$/helpers/typeshed/stdlib/3" type="simple" />
            <root url="file://$APPLICATION_HOME_DIR$/helpers/typeshed/stdlib/2and3" type="simple" />
            <root url="file://$APPLICATION_HOME_DIR$/helpers/typeshed/third_party/3" type="simple" />
            <root url="file://$APPLICATION_HOME_DIR$/helpers/typeshed/third_party/2and3" type="simple" />
          </root>
        </classPath>
        <sourcePath>
          <root type="composite" />
        </sourcePath>
      </roots>
      <additional />
    </jdk>
    <jdk version="2">
      <name value="Python 2.7" />
      <type value="Python SDK" />
      <version value="Python 2.7" />
      <homePath value="C:\Python27\python.exe" />
      <roots>
        <classPath>
          <root type="composite">
            <root url="file://C:/Python27/DLLs" type="simple" />
            <root url="file://C:/Python27/Lib" type="simple" />
            <root url="file://C:/Python27/Lib/lib-tk" type="simple" />
            <root url="file://C:/Python27" type="simple" />
            <root url="file://C:/Python27/Lib/site-packages" type="simple" />
            <root url="file://$USER_HOME$/.PyCharmCE2018.3/system/python_stubs/-762174762" type="simple" />
            <root url="file://$APPLICATION_HOME_DIR$/helpers/python-skeletons" type="simple" />
            <root url="file://$APPLICATION_HOME_DIR$/helpers/typeshed/stdlib/2" type="simple" />
            <root url="file://$APPLICATION_HOME_DIR$/helpers/typeshed/stdlib/2and3" type="simple" />
            <root url="file://$APPLICATION_HOME_DIR$/helpers/typeshed/third_party/2" type="simple" />
            <root url="file://$APPLICATION_HOME_DIR$/helpers/typeshed/third_party/2and3" type="simple" />
          </root>
        </classPath>
        <sourcePath>
          <root type="composite" />
        </sourcePath>
      </roots>
      <additional />
    </jdk>
    <jdk version="2">
      <name value="Python 3.7 (2)" />
      <type value="Python SDK" />
      <version value="Python 3.7.3" />
      <homePath value="C:\ProgramData\Anaconda3\python.exe" />
      <roots>
        <classPath>
          <root type="composite">
            <root url="file://C:/ProgramData/Anaconda3/DLLs" type="simple" />
            <root url="file://C:/ProgramData/Anaconda3/Lib" type="simple" />
            <root url="file://C:/ProgramData/Anaconda3" type="simple" />
            <root url="file://$USER_HOME$/AppData/Roaming/Python/Python37/site-packages" type="simple" />
            <root url="file://C:/ProgramData/Anaconda3/Lib/site-packages" type="simple" />
            <root url="file://C:/ProgramData/Anaconda3/Lib/site-packages/win32" type="simple" />
            <root url="file://C:/ProgramData/Anaconda3/Lib/site-packages/win32/lib" type="simple" />
            <root url="file://C:/ProgramData/Anaconda3/Lib/site-packages/pythonwin" type="simple" />
            <root url="file://$USER_HOME$/.PyCharmCE2018.3/system/python_stubs/-313451744" type="simple" />
            <root url="file://$APPLICATION_HOME_DIR$/helpers/python-skeletons" type="simple" />
            <root url="file://$APPLICATION_HOME_DIR$/helpers/typeshed/stdlib/3" type="simple" />
            <root url="file://$APPLICATION_HOME_DIR$/helpers/typeshed/stdlib/2and3" type="simple" />
            <root url="file://$APPLICATION_HOME_DIR$/helpers/typeshed/third_party/3" type="simple" />
            <root url="file://$APPLICATION_HOME_DIR$/helpers/typeshed/third_party/2and3" type="simple" />
          </root>
        </classPath>
        <sourcePath>
          <root type="composite" />
        </sourcePath>
      </roots>
      <additional />
    </jdk>
  </component>
</application>