<application>
  <component name="BuiltInServerOptions" allowUnsignedRequests="true" />
  <component name="CvsApplicationLevelConfiguration">
    <option name="PATH_TO_PASSWORD_FILE" value="$userdir/.cvspass" />
  </component>
  <component name="PropertiesComponent">
    <property name="AFTER.DISTRACTION.MODE.ARE_GUTTER_ICONS_SHOWN" value="false" />
    <property name="AFTER.DISTRACTION.MODE.ARE_LINE_NUMBERS_SHOWN" value="false" />
    <property name="AFTER.DISTRACTION.MODE.EDITOR_TAB_PLACEMENT" value="0" />
    <property name="AFTER.DISTRACTION.MODE.HIDE_TOOL_STRIPES" value="true" />
    <property name="AFTER.DISTRACTION.MODE.IS_FOLDING_OUTLINE_SHOWN" value="false" />
    <property name="AFTER.DISTRACTION.MODE.IS_INDENT_GUIDES_SHOWN" value="false" />
    <property name="AFTER.DISTRACTION.MODE.IS_RIGHT_MARGIN_SHOWN" value="false" />
    <property name="AFTER.DISTRACTION.MODE.IS_WHITESPACES_SHOWN" value="false" />
    <property name="AFTER.DISTRACTION.MODE.SHOW_BREADCRUMBS" value="false" />
    <property name="AFTER.DISTRACTION.MODE.SHOW_MAIN_TOOLBAR" value="false" />
    <property name="AFTER.DISTRACTION.MODE.SHOW_METHOD_SEPARATORS" value="false" />
    <property name="AFTER.DISTRACTION.MODE.SHOW_NAVIGATION_BAR" value="false" />
    <property name="AFTER.DISTRACTION.MODE.SHOW_STATUS_BAR" value="false" />
    <property name="BEFORE.DISTRACTION.MODE.ARE_GUTTER_ICONS_SHOWN" value="true" />
    <property name="BEFORE.DISTRACTION.MODE.ARE_LINE_NUMBERS_SHOWN" value="true" />
    <property name="BEFORE.DISTRACTION.MODE.EDITOR_TAB_PLACEMENT" value="1" />
    <property name="BEFORE.DISTRACTION.MODE.HIDE_TOOL_STRIPES" value="false" />
    <property name="BEFORE.DISTRACTION.MODE.IS_FOLDING_OUTLINE_SHOWN" value="true" />
    <property name="BEFORE.DISTRACTION.MODE.IS_INDENT_GUIDES_SHOWN" value="true" />
    <property name="BEFORE.DISTRACTION.MODE.IS_RIGHT_MARGIN_SHOWN" value="true" />
    <property name="BEFORE.DISTRACTION.MODE.IS_WHITESPACES_SHOWN" value="false" />
    <property name="BEFORE.DISTRACTION.MODE.SHOW_BREADCRUMBS" value="true" />
    <property name="BEFORE.DISTRACTION.MODE.SHOW_MAIN_TOOLBAR" value="false" />
    <property name="BEFORE.DISTRACTION.MODE.SHOW_METHOD_SEPARATORS" value="false" />
    <property name="BEFORE.DISTRACTION.MODE.SHOW_NAVIGATION_BAR" value="true" />
    <property name="BEFORE.DISTRACTION.MODE.SHOW_STATUS_BAR" value="true" />
    <property name="Copy.OpenInEditor" value="true" />
    <property name="ExpandBeforeRunStepsPanel" value="true" />
    <property name="ExpandRunDashboardTypesPanel" value="false" />
    <property name="PACKAGE_FILTER" value="quand&#10;selenium&#10;Speechre&#10;urllib&#10;spoofmac" />
    <property name="PyCharm.InitialConfiguration" value="true" />
    <property name="PyCharm.InitialConfiguration.V2" value="true" />
    <property name="PyCharm.InitialConfiguration.V3" value="true" />
    <property name="PyCharm.InitialConfiguration.V4" value="true" />
    <property name="PyCharm.InitialConfiguration.V5" value="true" />
    <property name="PyCharm.InitialConfiguration.V6" value="true" />
    <property name="PyCharm.InitialConfiguration.V7" value="true" />
    <property name="PyCharm.initialConfigurationShown" value="true" />
    <property name="file.chooser.recent.files" value="$USER_HOME$/PycharmProjects/virtual assistant&#10;C:/Users/Roshan/PycharmProjects/python-speech-recognition-master&#10;C:/Users/Roshan/PycharmProjects/untitled&#10;C:/Users/Roshan/PycharmProjects/untitled/pass_list_2_function.py&#10;C:/Users/Roshan/PycharmProjects/roshanweb_pjt&#10;C:/Users/Roshan/PycharmProjects/roshanweb_pjt/roshanweb_pjt&#10;C:/Users/Roshan/PycharmProjects/gui tutorial&#10;C:/Users/Roshan/PycharmProjects/untitled/array.py&#10;C:/Users/Roshan/PycharmProjects/untitled/venv/Lib/site-packages/pyttsx3&#10;C:/Users/Roshan/PycharmProjects/virtual assistant/texttospeech.py" />
    <property name="file.gist.reindex.count" value="61775" />
    <property name="fileTypeChangedCounter" value="3" />
    <property name="lastTip" value="41" />
  </component>
  <component name="PyTestFrameworkService">
    <option name="SDK_TO_PYTEST">
      <map>
        <entry key="C:\ProgramData\Anaconda3\python.exe" value="true" />
        <entry key="C:\Python27\python.exe" value="false" />
        <entry key="C:\Users\Roshan\AppData\Local\Programs\Python\Python37-32\python.exe" value="false" />
        <entry key="C:\Users\Roshan\PycharmProjects\untitled\venv\Scripts\python.exe" value="false" />
        <entry key="C:\Users\Roshan\PycharmProjects\virtual assistant\venv\Scripts\python.exe" value="false" />
      </map>
    </option>
    <option name="SDK_TO_NOSETEST">
      <map>
        <entry key="C:\ProgramData\Anaconda3\python.exe" value="true" />
        <entry key="C:\Python27\python.exe" value="false" />
        <entry key="C:\Users\Roshan\AppData\Local\Programs\Python\Python37-32\python.exe" value="false" />
      </map>
    </option>
    <option name="SDK_TO_TRIALTEST">
      <map>
        <entry key="C:\ProgramData\Anaconda3\python.exe" value="false" />
        <entry key="C:\Python27\python.exe" value="false" />
        <entry key="C:\Users\Roshan\AppData\Local\Programs\Python\Python37-32\python.exe" value="false" />
      </map>
    </option>
  </component>
</application>